DATE,Type,Value
2000-01-01,Alkoholunfälle,78.0
2000-01-01,Fluchtunfälle,835.0
2000-01-01,Verkehrsunfälle,3448.0
2000-02-01,Alkoholunfälle,53.0
2000-02-01,Fluchtunfälle,890.0
2000-02-01,Verkehrsunfälle,3181.0
2000-03-01,Alkoholunfälle,73.0
2000-03-01,Fluchtunfälle,974.0
2000-03-01,Verkehrsunfälle,3783.0
2000-04-01,Alkoholunfälle,78.0
2000-04-01,Fluchtunfälle,834.0
2000-04-01,Verkehrsunfälle,3317.0
2000-05-01,Alkoholunfälle,96.0
2000-05-01,Fluchtunfälle,1086.0
2000-05-01,Verkehrsunfälle,4123.0
2000-06-01,Alkoholunfälle,57.0
2000-06-01,Fluchtunfälle,842.0
2000-06-01,Verkehrsunfälle,3329.0
2000-07-01,Alkoholunfälle,99.0
2000-07-01,Fluchtunfälle,1102.0
2000-07-01,Verkehrsunfälle,4282.0
2000-08-01,Alkoholunfälle,77.0
2000-08-01,Fluchtunfälle,881.0
2000-08-01,Verkehrsunfälle,3387.0
2000-09-01,Alkoholunfälle,84.0
2000-09-01,Fluchtunfälle,978.0
2000-09-01,Verkehrsunfälle,3807.0
2000-10-01,Alkoholunfälle,83.0
2000-10-01,Fluchtunfälle,1078.0
2000-10-01,Verkehrsunfälle,4117.0
2000-11-01,Alkoholunfälle,71.0
2000-11-01,Fluchtunfälle,1017.0
2000-11-01,Verkehrsunfälle,3931.0
2000-12-01,Alkoholunfälle,85.0
2000-12-01,Fluchtunfälle,950.0
2000-12-01,Verkehrsunfälle,3789.0
2001-01-01,Alkoholunfälle,66.0
2001-01-01,Fluchtunfälle,871.0
2001-01-01,Verkehrsunfälle,3348.0
2001-02-01,Alkoholunfälle,49.0
2001-02-01,Fluchtunfälle,820.0
2001-02-01,Verkehrsunfälle,3148.0
2001-03-01,Alkoholunfälle,63.0
2001-03-01,Fluchtunfälle,962.0
2001-03-01,Verkehrsunfälle,3970.0
2001-04-01,Alkoholunfälle,68.0
2001-04-01,Fluchtunfälle,897.0
2001-04-01,Verkehrsunfälle,3565.0
2001-05-01,Alkoholunfälle,85.0
2001-05-01,Fluchtunfälle,1081.0
2001-05-01,Verkehrsunfälle,4128.0
2001-06-01,Alkoholunfälle,68.0
2001-06-01,Fluchtunfälle,905.0
2001-06-01,Verkehrsunfälle,3715.0
2001-07-01,Alkoholunfälle,71.0
2001-07-01,Fluchtunfälle,1047.0
2001-07-01,Verkehrsunfälle,4288.0
2001-08-01,Alkoholunfälle,60.0
2001-08-01,Fluchtunfälle,814.0
2001-08-01,Verkehrsunfälle,3351.0
2001-09-01,Alkoholunfälle,107.0
2001-09-01,Fluchtunfälle,953.0
2001-09-01,Verkehrsunfälle,3939.0
2001-10-01,Alkoholunfälle,77.0
2001-10-01,Fluchtunfälle,1104.0
2001-10-01,Verkehrsunfälle,4250.0
2001-11-01,Alkoholunfälle,68.0
2001-11-01,Fluchtunfälle,1001.0
2001-11-01,Verkehrsunfälle,4022.0
2001-12-01,Alkoholunfälle,66.0
2001-12-01,Fluchtunfälle,941.0
2001-12-01,Verkehrsunfälle,3989.0
2002-01-01,Alkoholunfälle,44.0
2002-01-01,Fluchtunfälle,852.0
2002-01-01,Verkehrsunfälle,3063.0
2002-02-01,Alkoholunfälle,49.0
2002-02-01,Fluchtunfälle,817.0
2002-02-01,Verkehrsunfälle,2892.0
2002-03-01,Alkoholunfälle,61.0
2002-03-01,Fluchtunfälle,897.0
2002-03-01,Verkehrsunfälle,3380.0
2002-04-01,Alkoholunfälle,65.0
2002-04-01,Fluchtunfälle,784.0
2002-04-01,Verkehrsunfälle,3142.0
2002-05-01,Alkoholunfälle,58.0
2002-05-01,Fluchtunfälle,857.0
2002-05-01,Verkehrsunfälle,3731.0
2002-06-01,Alkoholunfälle,74.0
2002-06-01,Fluchtunfälle,987.0
2002-06-01,Verkehrsunfälle,3586.0
2002-07-01,Alkoholunfälle,84.0
2002-07-01,Fluchtunfälle,1026.0
2002-07-01,Verkehrsunfälle,3960.0
2002-08-01,Alkoholunfälle,71.0
2002-08-01,Fluchtunfälle,785.0
2002-08-01,Verkehrsunfälle,3007.0
2002-09-01,Alkoholunfälle,107.0
2002-09-01,Fluchtunfälle,1039.0
2002-09-01,Verkehrsunfälle,3436.0
2002-10-01,Alkoholunfälle,83.0
2002-10-01,Fluchtunfälle,1019.0
2002-10-01,Verkehrsunfälle,3859.0
2002-11-01,Alkoholunfälle,44.0
2002-11-01,Fluchtunfälle,882.0
2002-11-01,Verkehrsunfälle,3529.0
2002-12-01,Alkoholunfälle,63.0
2002-12-01,Fluchtunfälle,706.0
2002-12-01,Verkehrsunfälle,3023.0
2003-01-01,Alkoholunfälle,55.0
2003-01-01,Fluchtunfälle,747.0
2003-01-01,Verkehrsunfälle,3073.0
2003-02-01,Alkoholunfälle,44.0
2003-02-01,Fluchtunfälle,572.0
2003-02-01,Verkehrsunfälle,2968.0
2003-03-01,Alkoholunfälle,53.0
2003-03-01,Fluchtunfälle,854.0
2003-03-01,Verkehrsunfälle,3060.0
2003-04-01,Alkoholunfälle,50.0
2003-04-01,Fluchtunfälle,844.0
2003-04-01,Verkehrsunfälle,3106.0
2003-05-01,Alkoholunfälle,65.0
2003-05-01,Fluchtunfälle,763.0
2003-05-01,Verkehrsunfälle,3255.0
2003-06-01,Alkoholunfälle,82.0
2003-06-01,Fluchtunfälle,855.0
2003-06-01,Verkehrsunfälle,3139.0
2003-07-01,Alkoholunfälle,76.0
2003-07-01,Fluchtunfälle,562.0
2003-07-01,Verkehrsunfälle,3321.0
2003-08-01,Alkoholunfälle,66.0
2003-08-01,Fluchtunfälle,698.0
2003-08-01,Verkehrsunfälle,2837.0
2003-09-01,Alkoholunfälle,63.0
2003-09-01,Fluchtunfälle,945.0
2003-09-01,Verkehrsunfälle,3393.0
2003-10-01,Alkoholunfälle,74.0
2003-10-01,Fluchtunfälle,960.0
2003-10-01,Verkehrsunfälle,3631.0
2003-11-01,Alkoholunfälle,44.0
2003-11-01,Fluchtunfälle,953.0
2003-11-01,Verkehrsunfälle,3325.0
2003-12-01,Alkoholunfälle,58.0
2003-12-01,Fluchtunfälle,858.0
2003-12-01,Verkehrsunfälle,3527.0
2004-01-01,Alkoholunfälle,42.0
2004-01-01,Fluchtunfälle,828.0
2004-01-01,Verkehrsunfälle,2969.0
2004-02-01,Alkoholunfälle,48.0
2004-02-01,Fluchtunfälle,723.0
2004-02-01,Verkehrsunfälle,2728.0
2004-03-01,Alkoholunfälle,44.0
2004-03-01,Fluchtunfälle,817.0
2004-03-01,Verkehrsunfälle,3271.0
2004-04-01,Alkoholunfälle,37.0
2004-04-01,Fluchtunfälle,875.0
2004-04-01,Verkehrsunfälle,3183.0
2004-05-01,Alkoholunfälle,55.0
2004-05-01,Fluchtunfälle,867.0
2004-05-01,Verkehrsunfälle,3378.0
2004-06-01,Alkoholunfälle,58.0
2004-06-01,Fluchtunfälle,859.0
2004-06-01,Verkehrsunfälle,3229.0
2004-07-01,Alkoholunfälle,67.0
2004-07-01,Fluchtunfälle,970.0
2004-07-01,Verkehrsunfälle,3760.0
2004-08-01,Alkoholunfälle,58.0
2004-08-01,Fluchtunfälle,784.0
2004-08-01,Verkehrsunfälle,2926.0
2004-09-01,Alkoholunfälle,79.0
2004-09-01,Fluchtunfälle,957.0
2004-09-01,Verkehrsunfälle,3663.0
2004-10-01,Alkoholunfälle,68.0
2004-10-01,Fluchtunfälle,1022.0
2004-10-01,Verkehrsunfälle,3716.0
2004-11-01,Alkoholunfälle,51.0
2004-11-01,Fluchtunfälle,903.0
2004-11-01,Verkehrsunfälle,3449.0
2004-12-01,Alkoholunfälle,52.0
2004-12-01,Fluchtunfälle,942.0
2004-12-01,Verkehrsunfälle,3792.0
2005-01-01,Alkoholunfälle,48.0
2005-01-01,Fluchtunfälle,749.0
2005-01-01,Verkehrsunfälle,2788.0
2005-02-01,Alkoholunfälle,40.0
2005-02-01,Fluchtunfälle,961.0
2005-02-01,Verkehrsunfälle,3461.0
2005-03-01,Alkoholunfälle,40.0
2005-03-01,Fluchtunfälle,1115.0
2005-03-01,Verkehrsunfälle,3560.0
2005-04-01,Alkoholunfälle,40.0
2005-04-01,Fluchtunfälle,937.0
2005-04-01,Verkehrsunfälle,3320.0
2005-05-01,Alkoholunfälle,48.0
2005-05-01,Fluchtunfälle,902.0
2005-05-01,Verkehrsunfälle,3321.0
2005-06-01,Alkoholunfälle,57.0
2005-06-01,Fluchtunfälle,901.0
2005-06-01,Verkehrsunfälle,3499.0
2005-07-01,Alkoholunfälle,63.0
2005-07-01,Fluchtunfälle,951.0
2005-07-01,Verkehrsunfälle,3631.0
2005-08-01,Alkoholunfälle,48.0
2005-08-01,Fluchtunfälle,811.0
2005-08-01,Verkehrsunfälle,2965.0
2005-09-01,Alkoholunfälle,76.0
2005-09-01,Fluchtunfälle,1086.0
2005-09-01,Verkehrsunfälle,3921.0
2005-10-01,Alkoholunfälle,57.0
2005-10-01,Fluchtunfälle,962.0
2005-10-01,Verkehrsunfälle,3503.0
2005-11-01,Alkoholunfälle,42.0
2005-11-01,Fluchtunfälle,845.0
2005-11-01,Verkehrsunfälle,3205.0
2005-12-01,Alkoholunfälle,41.0
2005-12-01,Fluchtunfälle,817.0
2005-12-01,Verkehrsunfälle,3549.0
2006-01-01,Alkoholunfälle,44.0
2006-01-01,Fluchtunfälle,708.0
2006-01-01,Verkehrsunfälle,2893.0
2006-02-01,Alkoholunfälle,50.0
2006-02-01,Fluchtunfälle,698.0
2006-02-01,Verkehrsunfälle,2901.0
2006-03-01,Alkoholunfälle,40.0
2006-03-01,Fluchtunfälle,1138.0
2006-03-01,Verkehrsunfälle,4165.0
2006-04-01,Alkoholunfälle,40.0
2006-04-01,Fluchtunfälle,750.0
2006-04-01,Verkehrsunfälle,2874.0
2006-05-01,Alkoholunfälle,53.0
2006-05-01,Fluchtunfälle,476.0
2006-05-01,Verkehrsunfälle,3032.0
2006-06-01,Alkoholunfälle,51.0
2006-06-01,Fluchtunfälle,565.0
2006-06-01,Verkehrsunfälle,2853.0
2006-07-01,Alkoholunfälle,64.0
2006-07-01,Fluchtunfälle,845.0
2006-07-01,Verkehrsunfälle,3611.0
2006-08-01,Alkoholunfälle,48.0
2006-08-01,Fluchtunfälle,774.0
2006-08-01,Verkehrsunfälle,2993.0
2006-09-01,Alkoholunfälle,64.0
2006-09-01,Fluchtunfälle,718.0
2006-09-01,Verkehrsunfälle,3233.0
2006-10-01,Alkoholunfälle,45.0
2006-10-01,Fluchtunfälle,599.0
2006-10-01,Verkehrsunfälle,3286.0
2006-11-01,Alkoholunfälle,48.0
2006-11-01,Fluchtunfälle,494.0
2006-11-01,Verkehrsunfälle,3073.0
2006-12-01,Alkoholunfälle,52.0
2006-12-01,Fluchtunfälle,864.0
2006-12-01,Verkehrsunfälle,3419.0
2007-01-01,Alkoholunfälle,36.0
2007-01-01,Fluchtunfälle,699.0
2007-01-01,Verkehrsunfälle,2735.0
2007-02-01,Alkoholunfälle,32.0
2007-02-01,Fluchtunfälle,612.0
2007-02-01,Verkehrsunfälle,2643.0
2007-03-01,Alkoholunfälle,38.0
2007-03-01,Fluchtunfälle,411.0
2007-03-01,Verkehrsunfälle,2836.0
2007-04-01,Alkoholunfälle,49.0
2007-04-01,Fluchtunfälle,821.0
2007-04-01,Verkehrsunfälle,3292.0
2007-05-01,Alkoholunfälle,63.0
2007-05-01,Fluchtunfälle,858.0
2007-05-01,Verkehrsunfälle,3529.0
2007-06-01,Alkoholunfälle,51.0
2007-06-01,Fluchtunfälle,804.0
2007-06-01,Verkehrsunfälle,3225.0
2007-07-01,Alkoholunfälle,65.0
2007-07-01,Fluchtunfälle,935.0
2007-07-01,Verkehrsunfälle,3622.0
2007-08-01,Alkoholunfälle,44.0
2007-08-01,Fluchtunfälle,759.0
2007-08-01,Verkehrsunfälle,2943.0
2007-09-01,Alkoholunfälle,54.0
2007-09-01,Fluchtunfälle,797.0
2007-09-01,Verkehrsunfälle,3414.0
2007-10-01,Alkoholunfälle,55.0
2007-10-01,Fluchtunfälle,873.0
2007-10-01,Verkehrsunfälle,3695.0
2007-11-01,Alkoholunfälle,36.0
2007-11-01,Fluchtunfälle,868.0
2007-11-01,Verkehrsunfälle,3444.0
2007-12-01,Alkoholunfälle,37.0
2007-12-01,Fluchtunfälle,690.0
2007-12-01,Verkehrsunfälle,3184.0
2008-01-01,Alkoholunfälle,32.0
2008-01-01,Fluchtunfälle,727.0
2008-01-01,Verkehrsunfälle,2945.0
2008-02-01,Alkoholunfälle,30.0
2008-02-01,Fluchtunfälle,793.0
2008-02-01,Verkehrsunfälle,3171.0
2008-03-01,Alkoholunfälle,30.0
2008-03-01,Fluchtunfälle,763.0
2008-03-01,Verkehrsunfälle,2910.0
2008-04-01,Alkoholunfälle,25.0
2008-04-01,Fluchtunfälle,837.0
2008-04-01,Verkehrsunfälle,3339.0
2008-05-01,Alkoholunfälle,57.0
2008-05-01,Fluchtunfälle,871.0
2008-05-01,Verkehrsunfälle,3428.0
2008-06-01,Alkoholunfälle,56.0
2008-06-01,Fluchtunfälle,859.0
2008-06-01,Verkehrsunfälle,3374.0
2008-07-01,Alkoholunfälle,52.0
2008-07-01,Fluchtunfälle,832.0
2008-07-01,Verkehrsunfälle,3500.0
2008-08-01,Alkoholunfälle,44.0
2008-08-01,Fluchtunfälle,760.0
2008-08-01,Verkehrsunfälle,2870.0
2008-09-01,Alkoholunfälle,49.0
2008-09-01,Fluchtunfälle,747.0
2008-09-01,Verkehrsunfälle,3271.0
2008-10-01,Alkoholunfälle,45.0
2008-10-01,Fluchtunfälle,874.0
2008-10-01,Verkehrsunfälle,3683.0
2008-11-01,Alkoholunfälle,27.0
2008-11-01,Fluchtunfälle,625.0
2008-11-01,Verkehrsunfälle,2983.0
2008-12-01,Alkoholunfälle,35.0
2008-12-01,Fluchtunfälle,657.0
2008-12-01,Verkehrsunfälle,2888.0
2009-01-01,Alkoholunfälle,23.0
2009-01-01,Fluchtunfälle,512.0
2009-01-01,Verkehrsunfälle,2482.0
2009-02-01,Alkoholunfälle,32.0
2009-02-01,Fluchtunfälle,802.0
2009-02-01,Verkehrsunfälle,3480.0
2009-03-01,Alkoholunfälle,14.0
2009-03-01,Fluchtunfälle,607.0
2009-03-01,Verkehrsunfälle,2744.0
2009-04-01,Alkoholunfälle,45.0
2009-04-01,Fluchtunfälle,776.0
2009-04-01,Verkehrsunfälle,2953.0
2009-05-01,Alkoholunfälle,57.0
2009-05-01,Fluchtunfälle,768.0
2009-05-01,Verkehrsunfälle,3240.0
2009-06-01,Alkoholunfälle,31.0
2009-06-01,Fluchtunfälle,678.0
2009-06-01,Verkehrsunfälle,2876.0
2009-07-01,Alkoholunfälle,44.0
2009-07-01,Fluchtunfälle,991.0
2009-07-01,Verkehrsunfälle,3622.0
2009-08-01,Alkoholunfälle,35.0
2009-08-01,Fluchtunfälle,752.0
2009-08-01,Verkehrsunfälle,2749.0
2009-09-01,Alkoholunfälle,49.0
2009-09-01,Fluchtunfälle,846.0
2009-09-01,Verkehrsunfälle,3252.0
2009-10-01,Alkoholunfälle,35.0
2009-10-01,Fluchtunfälle,953.0
2009-10-01,Verkehrsunfälle,3567.0
2009-11-01,Alkoholunfälle,31.0
2009-11-01,Fluchtunfälle,835.0
2009-11-01,Verkehrsunfälle,3294.0
2009-12-01,Alkoholunfälle,34.0
2009-12-01,Fluchtunfälle,747.0
2009-12-01,Verkehrsunfälle,3202.0
2010-01-01,Alkoholunfälle,19.0
2010-01-01,Fluchtunfälle,613.0
2010-01-01,Verkehrsunfälle,2346.0
2010-02-01,Alkoholunfälle,23.0
2010-02-01,Fluchtunfälle,683.0
2010-02-01,Verkehrsunfälle,2539.0
2010-03-01,Alkoholunfälle,31.0
2010-03-01,Fluchtunfälle,829.0
2010-03-01,Verkehrsunfälle,3309.0
2010-04-01,Alkoholunfälle,33.0
2010-04-01,Fluchtunfälle,938.0
2010-04-01,Verkehrsunfälle,3202.0
2010-05-01,Alkoholunfälle,34.0
2010-05-01,Fluchtunfälle,743.0
2010-05-01,Verkehrsunfälle,2974.0
2010-06-01,Alkoholunfälle,39.0
2010-06-01,Fluchtunfälle,814.0
2010-06-01,Verkehrsunfälle,3193.0
2010-07-01,Alkoholunfälle,48.0
2010-07-01,Fluchtunfälle,932.0
2010-07-01,Verkehrsunfälle,3712.0
2010-08-01,Alkoholunfälle,40.0
2010-08-01,Fluchtunfälle,794.0
2010-08-01,Verkehrsunfälle,2843.0
2010-09-01,Alkoholunfälle,54.0
2010-09-01,Fluchtunfälle,955.0
2010-09-01,Verkehrsunfälle,3524.0
2010-10-01,Alkoholunfälle,27.0
2010-10-01,Fluchtunfälle,910.0
2010-10-01,Verkehrsunfälle,3500.0
2010-11-01,Alkoholunfälle,28.0
2010-11-01,Fluchtunfälle,827.0
2010-11-01,Verkehrsunfälle,3329.0
2010-12-01,Alkoholunfälle,26.0
2010-12-01,Fluchtunfälle,861.0
2010-12-01,Verkehrsunfälle,3413.0
2011-01-01,Alkoholunfälle,25.0
2011-01-01,Fluchtunfälle,726.0
2011-01-01,Verkehrsunfälle,2775.0
2011-02-01,Alkoholunfälle,25.0
2011-02-01,Fluchtunfälle,760.0
2011-02-01,Verkehrsunfälle,2903.0
2011-03-01,Alkoholunfälle,22.0
2011-03-01,Fluchtunfälle,883.0
2011-03-01,Verkehrsunfälle,3523.0
2011-04-01,Alkoholunfälle,43.0
2011-04-01,Fluchtunfälle,835.0
2011-04-01,Verkehrsunfälle,3529.0
2011-05-01,Alkoholunfälle,43.0
2011-05-01,Fluchtunfälle,1034.0
2011-05-01,Verkehrsunfälle,4143.0
2011-06-01,Alkoholunfälle,27.0
2011-06-01,Fluchtunfälle,783.0
2011-06-01,Verkehrsunfälle,3212.0
2011-07-01,Alkoholunfälle,39.0
2011-07-01,Fluchtunfälle,951.0
2011-07-01,Verkehrsunfälle,4074.0
2011-08-01,Alkoholunfälle,34.0
2011-08-01,Fluchtunfälle,790.0
2011-08-01,Verkehrsunfälle,3322.0
2011-09-01,Alkoholunfälle,36.0
2011-09-01,Fluchtunfälle,906.0
2011-09-01,Verkehrsunfälle,3730.0
2011-10-01,Alkoholunfälle,26.0
2011-10-01,Fluchtunfälle,916.0
2011-10-01,Verkehrsunfälle,3830.0
2011-11-01,Alkoholunfälle,40.0
2011-11-01,Fluchtunfälle,842.0
2011-11-01,Verkehrsunfälle,3567.0
2011-12-01,Alkoholunfälle,37.0
2011-12-01,Fluchtunfälle,832.0
2011-12-01,Verkehrsunfälle,3506.0
2012-01-01,Alkoholunfälle,21.0
2012-01-01,Fluchtunfälle,713.0
2012-01-01,Verkehrsunfälle,3176.0
2012-02-01,Alkoholunfälle,18.0
2012-02-01,Fluchtunfälle,714.0
2012-02-01,Verkehrsunfälle,3102.0
2012-03-01,Alkoholunfälle,21.0
2012-03-01,Fluchtunfälle,946.0
2012-03-01,Verkehrsunfälle,3739.0
2012-04-01,Alkoholunfälle,34.0
2012-04-01,Fluchtunfälle,919.0
2012-04-01,Verkehrsunfälle,3667.0
2012-05-01,Alkoholunfälle,54.0
2012-05-01,Fluchtunfälle,1035.0
2012-05-01,Verkehrsunfälle,4114.0
2012-06-01,Alkoholunfälle,43.0
2012-06-01,Fluchtunfälle,1041.0
2012-06-01,Verkehrsunfälle,4018.0
2012-07-01,Alkoholunfälle,56.0
2012-07-01,Fluchtunfälle,1045.0
2012-07-01,Verkehrsunfälle,4281.0
2012-08-01,Alkoholunfälle,55.0
2012-08-01,Fluchtunfälle,887.0
2012-08-01,Verkehrsunfälle,3452.0
2012-09-01,Alkoholunfälle,49.0
2012-09-01,Fluchtunfälle,921.0
2012-09-01,Verkehrsunfälle,3962.0
2012-10-01,Alkoholunfälle,32.0
2012-10-01,Fluchtunfälle,1090.0
2012-10-01,Verkehrsunfälle,4146.0
2012-11-01,Alkoholunfälle,30.0
2012-11-01,Fluchtunfälle,984.0
2012-11-01,Verkehrsunfälle,3839.0
2012-12-01,Alkoholunfälle,27.0
2012-12-01,Fluchtunfälle,810.0
2012-12-01,Verkehrsunfälle,3395.0
2013-01-01,Alkoholunfälle,17.0
2013-01-01,Fluchtunfälle,796.0
2013-01-01,Verkehrsunfälle,3316.0
2013-02-01,Alkoholunfälle,15.0
2013-02-01,Fluchtunfälle,773.0
2013-02-01,Verkehrsunfälle,3467.0
2013-03-01,Alkoholunfälle,21.0
2013-03-01,Fluchtunfälle,906.0
2013-03-01,Verkehrsunfälle,3712.0
2013-04-01,Alkoholunfälle,28.0
2013-04-01,Fluchtunfälle,1038.0
2013-04-01,Verkehrsunfälle,4008.0
2013-05-01,Alkoholunfälle,33.0
2013-05-01,Fluchtunfälle,848.0
2013-05-01,Verkehrsunfälle,3703.0
2013-06-01,Alkoholunfälle,37.0
2013-06-01,Fluchtunfälle,1055.0
2013-06-01,Verkehrsunfälle,4284.0
2013-07-01,Alkoholunfälle,42.0
2013-07-01,Fluchtunfälle,1138.0
2013-07-01,Verkehrsunfälle,4641.0
2013-08-01,Alkoholunfälle,39.0
2013-08-01,Fluchtunfälle,791.0
2013-08-01,Verkehrsunfälle,3387.0
2013-09-01,Alkoholunfälle,47.0
2013-09-01,Fluchtunfälle,1000.0
2013-09-01,Verkehrsunfälle,4130.0
2013-10-01,Alkoholunfälle,31.0
2013-10-01,Fluchtunfälle,1074.0
2013-10-01,Verkehrsunfälle,4533.0
2013-11-01,Alkoholunfälle,35.0
2013-11-01,Fluchtunfälle,939.0
2013-11-01,Verkehrsunfälle,4043.0
2013-12-01,Alkoholunfälle,32.0
2013-12-01,Fluchtunfälle,828.0
2013-12-01,Verkehrsunfälle,3764.0
2014-01-01,Alkoholunfälle,21.0
2014-01-01,Fluchtunfälle,778.0
2014-01-01,Verkehrsunfälle,3410.0
2014-02-01,Alkoholunfälle,17.0
2014-02-01,Fluchtunfälle,742.0
2014-02-01,Verkehrsunfälle,3315.0
2014-03-01,Alkoholunfälle,37.0
2014-03-01,Fluchtunfälle,993.0
2014-03-01,Verkehrsunfälle,4027.0
2014-04-01,Alkoholunfälle,35.0
2014-04-01,Fluchtunfälle,946.0
2014-04-01,Verkehrsunfälle,3840.0
2014-05-01,Alkoholunfälle,28.0
2014-05-01,Fluchtunfälle,925.0
2014-05-01,Verkehrsunfälle,4346.0
2014-06-01,Alkoholunfälle,31.0
2014-06-01,Fluchtunfälle,880.0
2014-06-01,Verkehrsunfälle,3833.0
2014-07-01,Alkoholunfälle,35.0
2014-07-01,Fluchtunfälle,1029.0
2014-07-01,Verkehrsunfälle,4443.0
2014-08-01,Alkoholunfälle,32.0
2014-08-01,Fluchtunfälle,802.0
2014-08-01,Verkehrsunfälle,3379.0
2014-09-01,Alkoholunfälle,43.0
2014-09-01,Fluchtunfälle,936.0
2014-09-01,Verkehrsunfälle,4137.0
2014-10-01,Alkoholunfälle,36.0
2014-10-01,Fluchtunfälle,1042.0
2014-10-01,Verkehrsunfälle,4251.0
2014-11-01,Alkoholunfälle,42.0
2014-11-01,Fluchtunfälle,943.0
2014-11-01,Verkehrsunfälle,3904.0
2014-12-01,Alkoholunfälle,25.0
2014-12-01,Fluchtunfälle,830.0
2014-12-01,Verkehrsunfälle,3919.0
2015-01-01,Alkoholunfälle,22.0
2015-01-01,Fluchtunfälle,781.0
2015-01-01,Verkehrsunfälle,3326.0
2015-02-01,Alkoholunfälle,23.0
2015-02-01,Fluchtunfälle,713.0
2015-02-01,Verkehrsunfälle,3090.0
2015-03-01,Alkoholunfälle,23.0
2015-03-01,Fluchtunfälle,908.0
2015-03-01,Verkehrsunfälle,3888.0
2015-04-01,Alkoholunfälle,29.0
2015-04-01,Fluchtunfälle,966.0
2015-04-01,Verkehrsunfälle,4022.0
2015-05-01,Alkoholunfälle,50.0
2015-05-01,Fluchtunfälle,940.0
2015-05-01,Verkehrsunfälle,3915.0
2015-06-01,Alkoholunfälle,39.0
2015-06-01,Fluchtunfälle,952.0
2015-06-01,Verkehrsunfälle,3898.0
2015-07-01,Alkoholunfälle,49.0
2015-07-01,Fluchtunfälle,1176.0
2015-07-01,Verkehrsunfälle,4729.0
2015-08-01,Alkoholunfälle,49.0
2015-08-01,Fluchtunfälle,864.0
2015-08-01,Verkehrsunfälle,3431.0
2015-09-01,Alkoholunfälle,45.0
2015-09-01,Fluchtunfälle,1007.0
2015-09-01,Verkehrsunfälle,4015.0
2015-10-01,Alkoholunfälle,25.0
2015-10-01,Fluchtunfälle,1110.0
2015-10-01,Verkehrsunfälle,4467.0
2015-11-01,Alkoholunfälle,30.0
2015-11-01,Fluchtunfälle,991.0
2015-11-01,Verkehrsunfälle,3992.0
2015-12-01,Alkoholunfälle,27.0
2015-12-01,Fluchtunfälle,950.0
2015-12-01,Verkehrsunfälle,3862.0
2016-01-01,Alkoholunfälle,21.0
2016-01-01,Fluchtunfälle,777.0
2016-01-01,Verkehrsunfälle,3297.0
2016-02-01,Alkoholunfälle,10.0
2016-02-01,Fluchtunfälle,775.0
2016-02-01,Verkehrsunfälle,3383.0
2016-03-01,Alkoholunfälle,20.0
2016-03-01,Fluchtunfälle,898.0
2016-03-01,Verkehrsunfälle,3653.0
2016-04-01,Alkoholunfälle,27.0
2016-04-01,Fluchtunfälle,998.0
2016-04-01,Verkehrsunfälle,4209.0
2016-05-01,Alkoholunfälle,25.0
2016-05-01,Fluchtunfälle,850.0
2016-05-01,Verkehrsunfälle,3833.0
2016-06-01,Alkoholunfälle,30.0
2016-06-01,Fluchtunfälle,1018.0
2016-06-01,Verkehrsunfälle,4260.0
2016-07-01,Alkoholunfälle,35.0
2016-07-01,Fluchtunfälle,1095.0
2016-07-01,Verkehrsunfälle,4478.0
2016-08-01,Alkoholunfälle,34.0
2016-08-01,Fluchtunfälle,958.0
2016-08-01,Verkehrsunfälle,3400.0
2016-09-01,Alkoholunfälle,29.0
2016-09-01,Fluchtunfälle,958.0
2016-09-01,Verkehrsunfälle,4289.0
2016-10-01,Alkoholunfälle,30.0
2016-10-01,Fluchtunfälle,1022.0
2016-10-01,Verkehrsunfälle,4297.0
2016-11-01,Alkoholunfälle,20.0
2016-11-01,Fluchtunfälle,960.0
2016-11-01,Verkehrsunfälle,3998.0
2016-12-01,Alkoholunfälle,20.0
2016-12-01,Fluchtunfälle,870.0
2016-12-01,Verkehrsunfälle,3700.0
2017-01-01,Alkoholunfälle,19.0
2017-01-01,Fluchtunfälle,690.0
2017-01-01,Verkehrsunfälle,3320.0
2017-02-01,Alkoholunfälle,22.0
2017-02-01,Fluchtunfälle,846.0
2017-02-01,Verkehrsunfälle,3223.0
2017-03-01,Alkoholunfälle,36.0
2017-03-01,Fluchtunfälle,1060.0
2017-03-01,Verkehrsunfälle,4106.0
2017-04-01,Alkoholunfälle,26.0
2017-04-01,Fluchtunfälle,895.0
2017-04-01,Verkehrsunfälle,3533.0
2017-05-01,Alkoholunfälle,29.0
2017-05-01,Fluchtunfälle,1070.0
2017-05-01,Verkehrsunfälle,4314.0
2017-06-01,Alkoholunfälle,41.0
2017-06-01,Fluchtunfälle,948.0
2017-06-01,Verkehrsunfälle,3818.0
2017-07-01,Alkoholunfälle,52.0
2017-07-01,Fluchtunfälle,1064.0
2017-07-01,Verkehrsunfälle,4355.0
2017-08-01,Alkoholunfälle,30.0
2017-08-01,Fluchtunfälle,831.0
2017-08-01,Verkehrsunfälle,3267.0
2017-09-01,Alkoholunfälle,47.0
2017-09-01,Fluchtunfälle,1009.0
2017-09-01,Verkehrsunfälle,4017.0
2017-10-01,Alkoholunfälle,32.0
2017-10-01,Fluchtunfälle,1052.0
2017-10-01,Verkehrsunfälle,4198.0
2017-11-01,Alkoholunfälle,33.0
2017-11-01,Fluchtunfälle,925.0
2017-11-01,Verkehrsunfälle,3809.0
2017-12-01,Alkoholunfälle,42.0
2017-12-01,Fluchtunfälle,873.0
2017-12-01,Verkehrsunfälle,3494.0
2018-01-01,Alkoholunfälle,22.0
2018-01-01,Fluchtunfälle,860.0
2018-01-01,Verkehrsunfälle,3328.0
2018-02-01,Alkoholunfälle,24.0
2018-02-01,Fluchtunfälle,774.0
2018-02-01,Verkehrsunfälle,3109.0
2018-03-01,Alkoholunfälle,32.0
2018-03-01,Fluchtunfälle,954.0
2018-03-01,Verkehrsunfälle,3796.0
2018-04-01,Alkoholunfälle,25.0
2018-04-01,Fluchtunfälle,1010.0
2018-04-01,Verkehrsunfälle,4016.0
2018-05-01,Alkoholunfälle,34.0
2018-05-01,Fluchtunfälle,994.0
2018-05-01,Verkehrsunfälle,3953.0
2018-06-01,Alkoholunfälle,39.0
2018-06-01,Fluchtunfälle,1034.0
2018-06-01,Verkehrsunfälle,4284.0
2018-07-01,Alkoholunfälle,51.0
2018-07-01,Fluchtunfälle,1151.0
2018-07-01,Verkehrsunfälle,4547.0
2018-08-01,Alkoholunfälle,40.0
2018-08-01,Fluchtunfälle,813.0
2018-08-01,Verkehrsunfälle,3206.0
2018-09-01,Alkoholunfälle,36.0
2018-09-01,Fluchtunfälle,1102.0
2018-09-01,Verkehrsunfälle,4124.0
2018-10-01,Alkoholunfälle,43.0
2018-10-01,Fluchtunfälle,1127.0
2018-10-01,Verkehrsunfälle,4468.0
2018-11-01,Alkoholunfälle,31.0
2018-11-01,Fluchtunfälle,929.0
2018-11-01,Verkehrsunfälle,4027.0
2018-12-01,Alkoholunfälle,21.0
2018-12-01,Fluchtunfälle,900.0
2018-12-01,Verkehrsunfälle,3550.0
2019-01-01,Alkoholunfälle,22.0
2019-01-01,Fluchtunfälle,927.0
2019-01-01,Verkehrsunfälle,3440.0
2019-02-01,Alkoholunfälle,28.0
2019-02-01,Fluchtunfälle,883.0
2019-02-01,Verkehrsunfälle,3442.0
2019-03-01,Alkoholunfälle,34.0
2019-03-01,Fluchtunfälle,1005.0
2019-03-01,Verkehrsunfälle,3940.0
2019-04-01,Alkoholunfälle,36.0
2019-04-01,Fluchtunfälle,967.0
2019-04-01,Verkehrsunfälle,3781.0
2019-05-01,Alkoholunfälle,39.0
2019-05-01,Fluchtunfälle,1014.0
2019-05-01,Verkehrsunfälle,4046.0
2019-06-01,Alkoholunfälle,40.0
2019-06-01,Fluchtunfälle,994.0
2019-06-01,Verkehrsunfälle,3727.0
2019-07-01,Alkoholunfälle,48.0
2019-07-01,Fluchtunfälle,1187.0
2019-07-01,Verkehrsunfälle,4763.0
2019-08-01,Alkoholunfälle,31.0
2019-08-01,Fluchtunfälle,820.0
2019-08-01,Verkehrsunfälle,3214.0
2019-09-01,Alkoholunfälle,47.0
2019-09-01,Fluchtunfälle,996.0
2019-09-01,Verkehrsunfälle,4042.0
2019-10-01,Alkoholunfälle,45.0
2019-10-01,Fluchtunfälle,1088.0
2019-10-01,Verkehrsunfälle,4348.0
2019-11-01,Alkoholunfälle,29.0
2019-11-01,Fluchtunfälle,967.0
2019-11-01,Verkehrsunfälle,3805.0
2019-12-01,Alkoholunfälle,35.0
2019-12-01,Fluchtunfälle,925.0
2019-12-01,Verkehrsunfälle,3462.0
2020-01-01,Alkoholunfälle,28.0
2020-01-01,Fluchtunfälle,791.0
2020-01-01,Verkehrsunfälle,3139.0
2020-02-01,Alkoholunfälle,40.0
2020-02-01,Fluchtunfälle,870.0
2020-02-01,Verkehrsunfälle,3271.0
2020-03-01,Alkoholunfälle,27.0
2020-03-01,Fluchtunfälle,744.0
2020-03-01,Verkehrsunfälle,2825.0
2020-04-01,Alkoholunfälle,26.0
2020-04-01,Fluchtunfälle,607.0
2020-04-01,Verkehrsunfälle,2251.0
2020-05-01,Alkoholunfälle,40.0
2020-05-01,Fluchtunfälle,859.0
2020-05-01,Verkehrsunfälle,3193.0
2020-06-01,Alkoholunfälle,49.0
2020-06-01,Fluchtunfälle,905.0
2020-06-01,Verkehrsunfälle,3380.0
2020-07-01,Alkoholunfälle,58.0
2020-07-01,Fluchtunfälle,1010.0
2020-07-01,Verkehrsunfälle,4031.0
2020-08-01,Alkoholunfälle,46.0
2020-08-01,Fluchtunfälle,735.0
2020-08-01,Verkehrsunfälle,3007.0
2020-09-01,Alkoholunfälle,46.0
2020-09-01,Fluchtunfälle,948.0
2020-09-01,Verkehrsunfälle,3659.0
2020-10-01,Alkoholunfälle,34.0
2020-10-01,Fluchtunfälle,997.0
2020-10-01,Verkehrsunfälle,3867.0
2020-11-01,Alkoholunfälle,23.0
2020-11-01,Fluchtunfälle,864.0
2020-11-01,Verkehrsunfälle,3150.0
2020-12-01,Alkoholunfälle,13.0
2020-12-01,Fluchtunfälle,694.0
2020-12-01,Verkehrsunfälle,2661.0
2021-01-01,Alkoholunfälle,
2021-01-01,Fluchtunfälle,
2021-01-01,Verkehrsunfälle,
2021-02-01,Alkoholunfälle,
2021-02-01,Fluchtunfälle,
2021-02-01,Verkehrsunfälle,
2021-03-01,Alkoholunfälle,
2021-03-01,Fluchtunfälle,
2021-03-01,Verkehrsunfälle,
2021-04-01,Alkoholunfälle,
2021-04-01,Fluchtunfälle,
2021-04-01,Verkehrsunfälle,
2021-05-01,Alkoholunfälle,
2021-05-01,Fluchtunfälle,
2021-05-01,Verkehrsunfälle,
2021-06-01,Alkoholunfälle,
2021-06-01,Fluchtunfälle,
2021-06-01,Verkehrsunfälle,
2021-07-01,Alkoholunfälle,
2021-07-01,Fluchtunfälle,
2021-07-01,Verkehrsunfälle,
2021-08-01,Alkoholunfälle,
2021-08-01,Fluchtunfälle,
2021-08-01,Verkehrsunfälle,
2021-09-01,Alkoholunfälle,
2021-09-01,Fluchtunfälle,
2021-09-01,Verkehrsunfälle,
2021-10-01,Alkoholunfälle,
2021-10-01,Fluchtunfälle,
2021-10-01,Verkehrsunfälle,
2021-11-01,Alkoholunfälle,
2021-11-01,Fluchtunfälle,
2021-11-01,Verkehrsunfälle,
2021-12-01,Alkoholunfälle,
2021-12-01,Fluchtunfälle,
2021-12-01,Verkehrsunfälle,
